Metric,U-Net
MSE,5.770537973148748e-05
MAE,0.0004469124542083591
RMSE,0.007596405711353725
R² Score,0.9997599720954895
